{
  "textures": {
    "0": "block/yellow_terracotta",
    "particle": "block/yellow_terracotta"
  },
  "elements": [
    {
      "from": [
        0,
        0,
        0
      ],
      "to": [
        16,
        8,
        16
      ],
      "faces": {
        "north": {
          "uv": [
            0,
            8,
            16,
            16
          ],
          "texture": "#0"
        },
        "east": {
          "uv": [
            0,
            8,
            16,
            16
          ],
          "texture": "#0"
        },
        "south": {
          "uv": [
            0,
            8,
            16,
            16
          ],
          "texture": "#0"
        },
        "west": {
          "uv": [
            0,
            8,
            16,
            16
          ],
          "texture": "#0"
        },
        "up": {
          "uv": [
            0,
            0,
            16,
            16
          ],
          "texture": "#0"
        },
        "down": {
          "uv": [
            0,
            0,
            16,
            16
          ],
          "texture": "#0"
        }
      }
    },
    {
      "from": [
        0,
        8,
        8
      ],
      "to": [
        8,
        16,
        16
      ],
      "rotation": {
        "angle": 0,
        "axis": "y",
        "origin": [
          0,
          8,
          8
        ]
      },
      "faces": {
        "north": {
          "uv": [
            0,
            0,
            8,
            8
          ],
          "texture": "#0"
        },
        "east": {
          "uv": [
            0,
            0,
            8,
            8
          ],
          "texture": "#0"
        },
        "south": {
          "uv": [
            8,
            0,
            16,
            8
          ],
          "texture": "#0"
        },
        "west": {
          "uv": [
            8,
            0,
            16,
            8
          ],
          "texture": "#0"
        },
        "up": {
          "uv": [
            0,
            0,
            8,
            8
          ],
          "texture": "#0"
        },
        "down": {
          "uv": [
            0,
            8,
            8,
            16
          ],
          "texture": "#0"
        }
      }
    }
  ],
  "display": {
    "thirdperson_righthand": {
      "rotation": [
        -90,
        37,
        -180
      ],
      "translation": [
        0,
        3,
        0
      ],
      "scale": [
        0.4,
        0.4,
        0.4
      ]
    },
    "thirdperson_lefthand": {
      "rotation": [
        70,
        136,
        0
      ],
      "translation": [
        0,
        3,
        0
      ],
      "scale": [
        0.4,
        0.4,
        0.4
      ]
    },
    "firstperson_righthand": {
      "rotation": [
        -180,
        54.5,
        -180
      ],
      "scale": [
        0.4,
        0.4,
        0.4
      ]
    },
    "firstperson_lefthand": {
      "rotation": [
        -180,
        54.5,
        -180
      ],
      "scale": [
        0.4,
        0.4,
        0.4
      ]
    },
    "ground": {
      "scale": [
        0.25,
        0.25,
        0.25
      ]
    },
    "gui": {
      "rotation": [
        -154.74,
        -39.33,
        -179.93
      ],
      "scale": [
        0.65,
        0.65,
        0.65
      ]
    },
    "head": {
      "translation": [
        0,
        -13.375,
        0
      ],
      "scale": [
        2.1383,
        2.1383,
        2.1383
      ]
    },
    "fixed": {
      "rotation": [
        0,
        90,
        0
      ],
      "scale": [
        0.5,
        0.5,
        0.5
      ]
    }
  }
}